epoch,balanced_acc_m,fn_m,fp_m,loss,neg_pred_m,pos_pred_m,precision_m,recall_m,tn_m,tp_m,val_balanced_acc_m,val_fn_m,val_fp_m,val_loss,val_neg_pred_m,val_pos_pred_m,val_precision_m,val_recall_m,val_tn_m,val_tp_m
0,0.5011287927627563,0.5374189615249634,5.437831401824951,0.09090839326381683,9.93989372253418,6.06010627746582,0.11104395240545273,0.367491751909256,9.402475357055664,0.6222745776176453,0.5021517872810364,0.03723404183983803,11.856383323669434,1.191084384918213,0.3191489279270172,15.680850982666016,0.24380700290203094,0.9812942743301392,0.2819148898124695,3.8244681358337402
1,0.6259264945983887,0.3677077293395996,3.456688165664673,0.07536797970533371,11.751325607299805,4.248673915863037,0.19454722106456757,0.48262619972229004,11.383618354797363,0.7919858694076538,0.5012828707695007,2.3563830852508545,4.744680881500244,0.7876389026641846,9.75,6.25,0.2452085167169571,0.39272844791412354,7.393617153167725,1.5053191184997559
2,0.6989239454269409,0.23747789859771729,2.4449026584625244,0.05789883807301521,12.632881164550781,3.3671183586120605,0.2825959622859955,0.5603026747703552,12.395403861999512,0.9222157001495361,0.5023444294929504,0.1808510571718216,11.361701965332031,1.6061688661575317,0.957446813583374,15.042552947998047,0.2452104389667511,0.9393786191940308,0.7765957713127136,3.6808509826660156
