epoch,balanced_acc_m,fn_m,fp_m,loss,neg_pred_m,pos_pred_m,precision_m,recall_m,tn_m,tp_m,val_balanced_acc_m,val_fn_m,val_fp_m,val_loss,val_neg_pred_m,val_pos_pred_m,val_precision_m,val_recall_m,val_tn_m,val_tp_m
0,0.420810729265213,0.5963464975357056,7.352975845336914,0.09327474981546402,8.083677291870117,7.916322708129883,0.03852386400103569,0.3362797200679779,7.487330436706543,0.5633471012115479,0.5,3.867021322250366,0.0,0.6912841796875,16.0,0.0,0.0,0.0,12.132978439331055,0.0
1,0.42071792483329773,0.5810253620147705,7.436063766479492,0.09324979037046432,7.9852681159973145,8.014731407165527,0.03616676479578018,0.3423689007759094,7.404242992401123,0.5786682367324829,0.5,3.867021322250366,0.0,0.6919661164283752,16.0,0.0,0.0,0.0,12.132978439331055,0.0
2,0.44254568219184875,0.7324690818786621,5.503241062164307,0.0932517796754837,10.069534301757812,5.9304656982421875,0.026701532304286957,0.25574544072151184,9.337065696716309,0.4272245168685913,0.5,3.867021322250366,0.0,0.6906745433807373,16.0,0.0,0.0,0.0,12.132978439331055,0.0
3,0.44195640087127686,0.7253977656364441,5.599882125854492,0.09324929863214493,9.965822219848633,6.034177780151367,0.027143487706780434,0.26104891300201416,9.240424156188965,0.43429580330848694,0.5,3.867021322250366,0.0,0.692918062210083,16.0,0.0,0.0,0.0,12.132978439331055,0.0
4,0.44755449891090393,0.775486171245575,5.1219801902771,0.09324705600738525,10.493812561035156,5.506187438964844,0.024012964218854904,0.2392457276582718,9.718326568603516,0.38420742750167847,0.4973404109477997,0.0,12.132978439331055,0.7012587785720825,0.0,16.0,0.2416888326406479,0.9946808218955994,0.0,3.867021322250366
