epoch,balanced_acc_m,fn_m,fp_m,loss,neg_pred_m,pos_pred_m,precision_m,recall_m,tn_m,tp_m,val_balanced_acc_m,val_fn_m,val_fp_m,val_loss,val_neg_pred_m,val_pos_pred_m,val_precision_m,val_recall_m,val_tn_m,val_tp_m
0,0.4990013837814331,0.5822038650512695,5.318798065185547,0.09140754491090775,10.10371208190918,5.896287441253662,0.10408280044794083,0.35575518012046814,9.52150821685791,0.5774896740913391,0.5081464052200317,2.1542553901672363,5.047872543334961,0.7213762998580933,9.25,6.75,0.24838638305664062,0.43314328789711,7.095744609832764,1.7021276950836182
1,0.5835832357406616,0.4790807366371155,3.8025927543640137,0.08332429826259613,11.516794204711914,4.483205795288086,0.15825606882572174,0.42181307077407837,11.037714004516602,0.6806128621101379,0.48874685168266296,3.7393617630004883,0.6914893388748169,0.6177794933319092,15.191489219665527,0.8085106611251831,0.08111701905727386,0.03384625166654587,11.452127456665039,0.11702127754688263
2,0.6335352063179016,0.38243961334228516,3.2551560401916504,0.07555048912763596,11.96759033203125,4.032410144805908,0.20394544303417206,0.4843745231628418,11.585150718688965,0.7772539854049683,0.5001035332679749,0.13297872245311737,11.617021560668945,1.4244258403778076,0.6595744490623474,15.340425491333008,0.24231141805648804,0.9575608372688293,0.5265957713127136,3.7234041690826416
3,0.650305986404419,0.37301120162010193,2.7454330921173096,0.07094542682170868,12.467884063720703,3.5321154594421387,0.23141026496887207,0.48370644450187683,12.094873428344727,0.7866823673248291,0.4946542978286743,3.0159573554992676,2.6489362716674805,0.6922594308853149,12.510638236999512,3.4893617630004883,0.23784194886684418,0.20721250772476196,9.494680404663086,0.8404255509376526
4,0.6388328671455383,0.3571007549762726,3.3187978267669678,0.07394318282604218,11.878609657287598,4.1213908195495605,0.20311342179775238,0.49942055344581604,11.52150821685791,0.8025928139686584,0.5142249464988708,3.1063830852508545,1.9893616437911987,0.6708992123603821,13.260638236999512,2.7393617630004883,0.26961749792099,0.1916603296995163,10.154254913330078,0.75
