epoch,balanced_acc_m,fn_m,fp_m,loss,neg_pred_m,pos_pred_m,precision_m,recall_m,tn_m,tp_m,val_balanced_acc_m,val_fn_m,val_fp_m,val_loss,val_neg_pred_m,val_pos_pred_m,val_precision_m,val_recall_m,val_tn_m,val_tp_m
0,0.5173466801643372,16.62264060974121,16.0,0.4866645038127899,238.0471649169922,17.952829360961914,0.17759835720062256,0.10231854766607285,221.42453002929688,1.952830195426941,0.5,61.54545593261719,0.0,0.5639991164207458,256.0,0.0,0.0,0.0,194.4545440673828,0.0
1,0.5208302140235901,17.754716873168945,0.49056604504585266,0.2537936568260193,254.6886749267578,1.3113207817077637,0.44103771448135376,0.043719686567783356,236.9339599609375,0.8207547068595886,0.5,61.54545593261719,0.0,0.6881839632987976,256.0,0.0,0.0,0.0,194.4545440673828,0.0
0,0.5044844746589661,1.1373010873794556,0.10665880888700485,0.27312734723091125,15.869770050048828,0.13022981584072113,0.02031105011701584,0.016097035259008408,14.732468605041504,0.023571006953716278,0.4978135824203491,3.867021322250366,0.05319149047136307,0.6734436750411987,15.946808815002441,0.05319149047136307,0.0,0.0,12.079787254333496,0.0
1,0.5385177731513977,1.0306422710418701,0.09487330913543701,0.2199450433254242,15.774896621704102,0.22510312497615814,0.12551560997962952,0.08332350850105286,14.744254112243652,0.13022981584072113,0.49747803807258606,3.8563830852508545,0.09574468433856964,0.72227543592453,15.893616676330566,0.10638298094272614,0.010638296604156494,0.002836879575625062,12.03723430633545,0.010638297535479069
2,0.6073503494262695,0.8143783211708069,0.10783735662698746,0.17093825340270996,15.545668601989746,0.4543311595916748,0.30436062812805176,0.2218228578567505,14.731290817260742,0.34649381041526794,0.4977484345436096,3.829787254333496,0.16489361226558685,0.883632481098175,15.797872543334961,0.20212766528129578,0.034574463963508606,0.009219858795404434,11.968085289001465,0.03723404183983803
