epoch,balanced_acc_m,fn_m,fp_m,loss,neg_pred_m,pos_pred_m,precision_m,recall_m,tn_m,tp_m,val_balanced_acc_m,val_fn_m,val_fp_m,val_loss,val_neg_pred_m,val_pos_pred_m,val_precision_m,val_recall_m,val_tn_m,val_tp_m
0,0.4318214952945709,0.5710076689720154,7.2828521728515625,0.09349273145198822,8.128461837768555,7.871538162231445,0.07228583097457886,0.3551658093929291,7.5574541091918945,0.588685929775238,0.48765307664871216,3.659574508666992,0.9627659320831299,0.6704455614089966,14.829787254333496,1.170212745666504,0.13386523723602295,0.05336457118391991,11.170212745666504,0.20744681358337402
1,0.49576810002326965,0.6434885263442993,4.875073432922363,0.09201511740684509,10.608721733093262,5.3912787437438965,0.10062979906797409,0.31917107105255127,9.965232849121094,0.5162050724029541,0.48196858167648315,0.978723406791687,9.356383323669434,0.7327167987823486,3.755319118499756,12.244680404663086,0.23640665411949158,0.7329913973808289,2.7765958309173584,2.8882977962493896
2,0.5745888352394104,0.47024160623550415,4.053034782409668,0.08389541506767273,11.257513046264648,4.742486953735352,0.154509037733078,0.4205951392650604,10.787271499633789,0.6894519925117493,0.4990600049495697,1.914893627166748,6.127659797668457,0.7722305655479431,7.920212745666504,8.079787254333496,0.23505306243896484,0.5052241683006287,6.005319118499756,1.9521276950836182
3,0.6531987190246582,0.3400117754936218,2.9587507247924805,0.07052081823348999,12.221567153930664,3.778432607650757,0.22523264586925507,0.5036435723304749,11.881555557250977,0.8196817636489868,0.4770638048648834,3.617021322250366,1.4255318641662598,0.6719896793365479,14.324467658996582,1.6755318641662598,0.12056737393140793,0.07050193846225739,10.707447052001953,0.25
4,0.7101548910140991,0.23688863217830658,2.2875661849975586,0.057375285774469376,12.789628982543945,3.210371255874634,0.2971031665802002,0.5721274614334106,12.552740097045898,0.9228049516677856,0.49262988567352295,2.7819149494171143,3.6382977962493896,0.7889630198478699,11.276596069335938,4.723404407501221,0.2267541140317917,0.2840910851955414,8.494680404663086,1.085106372833252
