epoch,balanced_acc_m,fn_m,fp_m,loss,neg_precision_m,neg_pred_m,neg_recall_m,pos_pred_m,precision_m,recall_m,tn_m,tp_m
0,0.9627472162246704,0.78125,0.5,0.19932539761066437,0.9506245255470276,16.328125,0.9738092422485352,15.671875,0.9704872369766235,0.9516850709915161,15.546875,15.171875
0,0.9775604009628296,0.671875,0.0625,0.1463858187198639,0.9592399001121521,16.65625,0.9969134330749512,15.34375,0.9950571060180664,0.9582076072692871,15.984375,15.28125
1,0.978057324886322,0.640625,0.078125,0.1269415020942688,0.9604296684265137,16.609375,0.9953963756561279,15.390625,0.9949809312820435,0.9607182741165161,15.96875,15.3125
0,0.9744023084640503,0.734375,0.078125,0.10863221436738968,0.9571605324745178,16.703125,0.9950010180473328,15.296875,0.9953280091285706,0.9538040161132812,15.96875,15.21875
1,0.9770934581756592,0.640625,0.109375,0.0971500501036644,0.961230993270874,16.578125,0.9941504597663879,15.421875,0.9921733140945435,0.96003657579422,15.9375,15.3125
2,0.9739810228347778,0.703125,0.140625,0.09910459816455841,0.9582781195640564,16.609375,0.9919986128807068,15.390625,0.9909263849258423,0.9559633731842041,15.90625,15.25
3,0.9667347073554993,0.796875,0.3125,0.09724116325378418,0.9531452059745789,16.53125,0.9823257923126221,15.46875,0.9793901443481445,0.9511438012123108,15.734375,15.15625
4,0.9769057035446167,0.609375,0.15625,0.07665189355611801,0.9633252620697021,16.5,0.9912888407707214,15.5,0.9898735880851746,0.9625228047370911,15.890625,15.34375
