epoch,balanced_acc_m,fn_m,fp_m,loss,neg_pred_m,pos_pred_m,precision_m,recall_m,tn_m,tp_m,val_balanced_acc_m,val_fn_m,val_fp_m,val_loss,val_neg_pred_m,val_pos_pred_m,val_precision_m,val_recall_m,val_tn_m,val_tp_m
0,0.49552419781684875,80.53315734863281,14.586206436157227,0.10852393507957458,87.98408508300781,168.0159149169922,0.9155113101005554,0.6555925011634827,7.450928211212158,153.42970275878906,0.484297513961792,153.45555114746094,3.4777777194976807,0.6971299648284912,252.06666564941406,3.933333396911621,0.10948855429887772,0.002936297096312046,98.61111450195312,0.4555555582046509
1,0.5431791543960571,130.2838134765625,7.848806381225586,0.1073075458407402,144.47215270996094,111.52519989013672,0.9355924725532532,0.44305431842803955,14.188328742980957,103.6763916015625,0.4826512634754181,143.12222290039062,10.688888549804688,0.7213897705078125,234.522216796875,21.4777774810791,0.5038869976997375,0.07000282406806946,91.4000015258789,10.788888931274414
2,0.5646496415138245,135.7214813232422,6.45888614654541,0.10624663531780243,151.2997283935547,104.70026397705078,0.9447353482246399,0.420104444026947,15.578248977661133,98.24137878417969,0.5166230797767639,111.04444122314453,25.0,0.7141536474227905,188.13333129882812,67.86666870117188,0.6307402849197388,0.278241902589798,77.0888900756836,42.86666488647461
3,0.5832594037055969,135.63925170898438,5.68435001373291,0.10529206693172455,151.99203491210938,104.0079574584961,0.9510816335678101,0.42047154903411865,16.352785110473633,98.3236083984375,0.49112850427627563,134.3111114501953,14.777777671813965,0.7396336197853088,221.62222290039062,34.377777099609375,0.5703414678573608,0.1272093802690506,87.31111145019531,19.600000381469727
4,0.5990722179412842,135.00265502929688,5.029177665710449,0.10412141680717468,152.01060485839844,103.98938751220703,0.95635986328125,0.4231700897216797,17.007957458496094,98.96021270751953,0.501555323600769,129.77777099609375,15.688888549804688,0.7480810284614563,216.1777801513672,39.82222366333008,0.6059623956680298,0.15678687393665314,86.4000015258789,24.133333206176758
5,0.6192211508750916,129.74005126953125,4.63129997253418,0.10291881859302521,147.14588928222656,108.85411071777344,0.9618797302246094,0.4455837309360504,17.40583610534668,104.22280883789062,0.5218913555145264,116.44444274902344,20.35555648803711,0.7483440041542053,198.1777801513672,57.82222366333008,0.6473501324653625,0.24331465363502502,81.73332977294922,37.46666717529297
