epoch,balanced_acc_m,fn_m,fp_m,loss,neg_pred_m,pos_pred_m,precision_m,recall_m,tn_m,tp_m,val_balanced_acc_m,val_fn_m,val_fp_m,val_loss,val_neg_pred_m,val_pos_pred_m,val_precision_m,val_recall_m,val_tn_m,val_tp_m
0,0.4968129098415375,85.28994750976562,27.97858238220215,0.20787157118320465,104.26688385009766,151.7298126220703,0.81072598695755,0.5915428400039673,18.97693634033203,123.75123596191406,0.50031578540802,235.30667114257812,0.02666666731238365,0.7139395475387573,255.55332946777344,0.4466666579246521,0.3166666626930237,0.0017866529524326324,20.246665954589844,0.41999998688697815
1,0.5019324421882629,106.65403747558594,22.68863296508789,0.20760478079319,130.92257690429688,125.07413482666016,0.8323267698287964,0.48928430676460266,24.26853370666504,102.38550567626953,0.49043524265289307,5.313333511352539,20.200000762939453,0.685817539691925,5.386666774749756,250.6133270263672,0.9193771481513977,0.9774382710456848,0.07333333045244217,230.413330078125
2,0.5015114545822144,109.12520599365234,22.163097381591797,0.20755620300769806,133.91928100585938,122.0757827758789,0.8395017385482788,0.47751232981681824,24.794069290161133,99.91268157958984,0.49441319704055786,2.8266665935516357,20.253334045410156,0.6764788031578064,2.8466665744781494,253.15333557128906,0.9199784398078918,0.9879891872406006,0.019999999552965164,232.89999389648438
3,0.5028116703033447,110.2718276977539,21.77429962158203,0.20761840045452118,135.45469665527344,120.54365539550781,0.8337339162826538,0.4719633460044861,25.1828670501709,98.76935577392578,0.5318734049797058,200.5066680908203,1.7200000286102295,0.6957777142524719,219.05999755859375,36.93333435058594,0.9538227319717407,0.14939656853675842,18.553333282470703,35.21333312988281
4,0.5045022964477539,109.18780517578125,21.896211624145508,0.2075045108795166,134.24876403808594,121.74958801269531,0.8424610495567322,0.4773268401622772,25.060955047607422,99.85337829589844,0.47497794032096863,18.299999237060547,19.719999313354492,0.685138463973999,18.85333251953125,237.14666748046875,0.9168411493301392,0.9223678708076477,0.5533333420753479,217.42666625976562
5,0.5093855261802673,115.74958801269531,19.995058059692383,0.20733895897865295,142.71005249023438,113.28665924072266,0.8443811535835266,0.4460311830043793,26.960460662841797,93.29159545898438,0.46468138694763184,25.80666732788086,19.49333381652832,0.6848655939102173,26.586666107177734,229.413330078125,0.9150089621543884,0.8905065655708313,0.7799999713897705,209.9199981689453
