epoch,balanced_acc_m,fn_m,fp_m,loss,neg_precision_m,neg_pred_m,neg_recall_m,pos_pred_m,precision_m,recall_m,tn_m,tp_m,val_balanced_acc_m,val_fn_m,val_fp_m,val_loss,val_neg_precision_m,val_neg_pred_m,val_neg_recall_m,val_pos_pred_m,val_precision_m,val_recall_m,val_tn_m,val_tp_m
0,0.4936273396015167,43.653846740722656,86.03845977783203,0.3467849791049957,0.4572216868400574,85.53845977783203,0.3280675709247589,170.46153259277344,0.5033308863639832,0.6591869592666626,41.88461685180664,84.42308044433594,0.48757606744766235,166.559326171875,3.4067797660827637,0.6938269734382629,0.3342629373073578,250.1864471435547,0.960910975933075,5.813559532165527,0.403354674577713,0.01424112357199192,83.62712097167969,2.4067797660827637
