epoch,balanced_acc_m,fn_m,fp_m,loss,neg_pred_m,pos_pred_m,precision_m,recall_m,tn_m,tp_m,val_balanced_acc_m,val_fn_m,val_fp_m,val_loss,val_neg_pred_m,val_pos_pred_m,val_precision_m,val_recall_m,val_tn_m,val_tp_m
0,0.5003592371940613,127.25205993652344,18.459636688232422,0.20765414834022522,155.7495880126953,100.24711608886719,0.6322803497314453,0.3917384445667267,28.497528076171875,81.78748321533203,0.5,0.0,20.280000686645508,0.6873526573181152,0.0,256.0,0.9207812547683716,1.0,0.0,235.72000122070312
1,0.5017158389091492,103.57990264892578,23.64250373840332,0.20764192938804626,126.89456176757812,129.10379028320312,0.7012984156608582,0.5049356818199158,23.31466293334961,105.46128845214844,0.4989526867866516,1.1799999475479126,20.219999313354492,0.6879367828369141,1.2400000095367432,254.75999450683594,0.9206224679946899,0.9949848651885986,0.05999999865889549,234.5399932861328
2,0.5015136003494263,97.66227722167969,24.991762161254883,0.20761911571025848,119.62767791748047,136.37232971191406,0.8075171113014221,0.5332472920417786,21.965404510498047,111.38056182861328,0.49861669540405273,1.559999942779541,20.206666946411133,0.6855035424232483,1.6333333253860474,254.36666870117188,0.9205552935600281,0.9933738112449646,0.07333333045244217,234.16000366210938
3,0.5035704374313354,101.1927490234375,24.037891387939453,0.20754988491535187,124.11038208007812,131.88467407226562,0.818512499332428,0.516459047794342,22.917627334594727,107.84678649902344,0.49634358286857605,5.7133331298828125,19.959999084472656,0.6846543550491333,6.0333333015441895,249.96665954589844,0.920162558555603,0.9757707715034485,0.3199999928474426,230.0066680908203
