epoch,balanced_acc_m,fn_m,fp_m,loss,neg_pred_m,pos_pred_m,precision_m,recall_m,tn_m,tp_m,val_balanced_acc_m,val_fn_m,val_fp_m,val_loss,val_neg_pred_m,val_pos_pred_m,val_precision_m,val_recall_m,val_tn_m,val_tp_m
0,0.49842724204063416,11.346224784851074,98.44567108154297,0.09702182561159134,149.52117919921875,106.47882080078125,0.08390791714191437,0.41303667426109314,138.17495727539062,8.033148765563965,0.4998788833618164,0.010416666977107525,216.2083282470703,0.7183169722557068,0.010416666977107525,255.9895782470703,0.15540221333503723,0.9997577667236328,0.0,39.78125
0,0.49594420194625854,11.432781219482422,99.37016296386719,0.09700600057840347,148.68692016601562,107.31123352050781,0.06426958739757538,0.41166043281555176,137.254150390625,7.941068172454834,0.5,0.0,216.3020782470703,0.7004511952400208,0.0,256.0,0.1550699919462204,1.0,0.0,39.69791793823242
1,0.4994991719722748,9.963167190551758,115.28913116455078,0.09699747711420059,131.30018615722656,124.69981384277344,0.06725864112377167,0.4861833453178406,121.3370132446289,9.41068172454834,0.49903640151023865,0.0833333358168602,216.3020782470703,0.7024305462837219,0.0833333358168602,255.9166717529297,0.15479952096939087,0.9980728030204773,0.0,39.61458206176758
2,0.500687301158905,9.953959465026855,114.94659423828125,0.09699602425098419,131.63351440429688,124.36648559570312,0.07695886492729187,0.48704907298088074,121.67955780029297,9.419889450073242,0.49579083919525146,0.3333333432674408,216.3020782470703,0.7048363089561462,0.3333333432674408,255.6666717529297,0.15396802127361298,0.9915816783905029,0.0,39.36458206176758
