epoch,balanced_acc_m,fn_m,fp_m,loss,neg_pred_m,pos_pred_m,precision_m,recall_m,tn_m,tp_m,val_balanced_acc_m,val_fn_m,val_fp_m,val_loss,val_neg_pred_m,val_pos_pred_m,val_precision_m,val_recall_m,val_tn_m,val_tp_m
0,0.5065446496009827,113.01153564453125,20.950576782226562,0.20763926208019257,139.01812744140625,116.97693634033203,0.8344313502311707,0.4592992961406708,26.006589889526367,96.02635955810547,0.5060386657714844,231.086669921875,0.15333333611488342,0.6961451172828674,251.22666931152344,4.773333549499512,0.9576817750930786,0.019600355997681618,20.139999389648438,4.619999885559082
1,0.5288395881652832,116.9209213256836,17.940690994262695,0.2073131501674652,145.93739318847656,110.06095886230469,0.8570057153701782,0.44044703245162964,29.0164737701416,92.1202621459961,0.560462236404419,189.54666137695312,1.5133333206176758,0.6992253065109253,208.32666015625,47.67333221435547,0.9684117436408997,0.19585847854614258,18.780000686645508,46.15999984741211
2,0.5729230642318726,134.6589813232422,9.815485954284668,0.20552636682987213,171.8006591796875,84.19769287109375,0.8889216184616089,0.35561835765838623,37.14168167114258,74.38220977783203,0.5939505100250244,167.52000427246094,2.0399999618530273,0.6977982521057129,185.77333068847656,70.22666931152344,0.9710632562637329,0.28928256034851074,18.253334045410156,68.1866683959961
3,0.5895569920539856,132.8616180419922,8.60790729522705,0.20257379114627838,171.21087646484375,84.78912353515625,0.902219295501709,0.3639974296092987,38.34925842285156,76.18122100830078,0.607564389705658,161.14666748046875,2.006666660308838,0.6951860189437866,179.43333435058594,76.56666564941406,0.9738540649414062,0.3163047134876251,18.286666870117188,74.55999755859375
4,0.5983744263648987,128.18121337890625,8.823722839355469,0.20032437145709991,166.31466674804688,89.68534088134766,0.9053248167037964,0.3863174319267273,38.13344192504883,80.86161804199219,0.6137620806694031,159.27999877929688,1.9266666173934937,0.6988759636878967,177.64666748046875,78.35333251953125,0.9756872653961182,0.324237197637558,18.366666793823242,76.42666625976562
5,0.6051928400993347,125.28665924072266,8.81054401397705,0.19856032729148865,163.4332733154297,92.56671905517578,0.9091891646385193,0.4000571370124817,38.14662170410156,83.75617980957031,0.6204096078872681,152.3800048828125,2.259999990463257,0.6909390687942505,170.413330078125,85.586669921875,0.9738127589225769,0.35350120067596436,18.03333282470703,83.32666778564453
