epoch,balanced_acc_m,fn_m,fp_m,loss,neg_pred_m,pos_pred_m,precision_m,recall_m,tn_m,tp_m,val_balanced_acc_m,val_fn_m,val_fp_m,val_loss,val_neg_pred_m,val_pos_pred_m,val_precision_m,val_recall_m,val_tn_m,val_tp_m
0,0.4832211136817932,1.2667582035064697,14.43308162689209,0.09830673038959503,16.37657356262207,15.623198509216309,0.049273476004600525,0.45485740900039673,15.109814643859863,1.1901166439056396,0.497539222240448,0.01156812347471714,26.998714447021484,0.7037893533706665,0.01156812347471714,31.988431930541992,0.15598568320274353,0.995078444480896,0.0,4.98971700668335
1,0.4823482632637024,1.0921986103057861,16.44131851196289,0.09828231483697891,14.193777084350586,17.805994033813477,0.051052697002887726,0.5211485028266907,13.101578712463379,1.3646762371063232,0.4976463317871094,0.010282776318490505,26.998714447021484,0.7029481530189514,0.010282776318490505,31.989717483520508,0.15601937472820282,0.9952926635742188,0.0,4.991002559661865
2,0.4816047251224518,1.0814459323883057,16.6000919342041,0.09827876836061478,14.024250984191895,17.975521087646484,0.04985776171088219,0.525033712387085,12.942805290222168,1.3754289150238037,0.4979255795478821,0.006426735315471888,26.998714447021484,0.7014143466949463,0.006426735315471888,31.993574142456055,0.1561165452003479,0.9958511590957642,0.0,4.994858741760254
3,0.48228827118873596,1.0471287965774536,16.95355796813965,0.09827324002981186,13.636239051818848,18.363304138183594,0.060842037200927734,0.5381777286529541,12.589110374450684,1.4097460508346558,0.4941695034503937,0.04884318634867668,26.9781494140625,0.6988136172294617,0.06940873712301254,31.930591583251953,0.15508313477039337,0.9876044392585754,0.02056555263698101,4.952442169189453
4,0.4810728132724762,1.1125600337982178,16.324182510375977,0.09825596213340759,14.331502914428711,17.66849708557129,0.06711505353450775,0.5144320726394653,13.218942642211914,1.3443148136138916,0.4944179058074951,0.04627249389886856,26.98586082458496,0.7102386355400085,0.05912596359848976,31.940874099731445,0.15513096749782562,0.9883527755737305,0.012853470630943775,4.955012798309326
5,0.48003944754600525,0.9704872965812683,17.760009765625,0.09822462499141693,12.753602981567383,19.246397018432617,0.06142878532409668,0.5613102316856384,11.783116340637207,1.4863876104354858,0.4731670320034027,0.35089975595474243,26.476863861083984,0.6989882588386536,0.8727506399154663,31.127248764038086,0.1494884192943573,0.9268622398376465,0.5218508839607239,4.65038537979126
