epoch,balanced_acc_m,fn_m,fp_m,loss,neg_pred_m,pos_pred_m,precision_m,recall_m,tn_m,tp_m,val_balanced_acc_m,val_fn_m,val_fp_m,val_loss,val_neg_pred_m,val_pos_pred_m,val_precision_m,val_recall_m,val_tn_m,val_tp_m
0,0.46154695749282837,0.7841981053352356,19.904481887817383,0.09337211400270462,10.55660343170166,21.443395614624023,0.06274465471506119,0.5942272543907166,9.772405624389648,1.5389150381088257,0.5,7.723404407501221,0.0,0.6841830015182495,32.0,0.0,0.0,0.0,24.276596069335938,0.0
