epoch,balanced_acc_m,fn_m,fp_m,loss,neg_pred_m,pos_pred_m,precision_m,recall_m,tn_m,tp_m,val_balanced_acc_m,val_fn_m,val_fp_m,val_loss,val_neg_pred_m,val_pos_pred_m,val_precision_m,val_recall_m,val_tn_m,val_tp_m
0,0.582567572593689,1.1736353635787964,9.108014106750488,0.09226417541503906,21.688154220581055,10.311846733093262,0.12613025307655334,0.4721665382385254,20.51451873779297,1.203832745552063,0.49122294783592224,7.083333492279053,2.84375,0.6716480851173401,28.421875,3.578125,0.21931426227092743,0.09949806332588196,21.33854103088379,0.734375
1,0.6134728789329529,1.220673680305481,6.859465599060059,0.09006237983703613,23.983739852905273,8.016260147094727,0.15211260318756104,0.4579697847366333,22.763065338134766,1.1567944288253784,0.4948004484176636,6.651041507720947,3.9895832538604736,0.6688070297241211,26.84375,5.15625,0.23304599523544312,0.15462735295295715,20.19270896911621,1.1666666269302368
2,0.6158440709114075,1.208478569984436,6.684669017791748,0.08892173320055008,24.14634132385254,7.853658676147461,0.15700127184391022,0.4567112624645233,22.937862396240234,1.1689895391464233,0.49616488814353943,7.208333492279053,2.125,0.6401420831680298,29.265625,2.734375,0.22387151420116425,0.07983968406915665,22.05729103088379,0.609375
3,0.6239960789680481,1.1759581565856934,6.771196365356445,0.08825589716434479,24.027294158935547,7.972706317901611,0.1588929444551468,0.475852370262146,22.851335525512695,1.2015098333358765,0.4948479235172272,7.020833492279053,2.8072917461395264,0.6472755074501038,28.39583396911621,3.6041667461395264,0.21908479928970337,0.10526687651872635,21.375,0.796875
4,0.6382701992988586,1.118466854095459,6.666666507720947,0.08751172572374344,24.074331283569336,7.925667762756348,0.16779765486717224,0.5007961392402649,22.95586585998535,1.2590011358261108,0.4930741786956787,6.890625,3.3177082538604736,0.6487194895744324,27.75520896911621,4.244791507720947,0.21538938581943512,0.12265881896018982,20.86458396911621,0.9270833134651184
5,0.6376686692237854,1.104529619216919,6.757258892059326,0.08714134991168976,23.969802856445312,8.030197143554688,0.16616933047771454,0.5026648640632629,22.865272521972656,1.2729384899139404,0.4938376247882843,7.125,2.4166667461395264,0.632940411567688,28.890625,3.109375,0.21760906279087067,0.0867738202214241,21.765625,0.6927083134651184
