epoch,balanced_acc_m,fn_m,fp_m,loss,neg_pred_m,pos_pred_m,precision_m,recall_m,tn_m,tp_m
0,0.5201840996742249,137.8111114501953,6.644444465637207,0.3747366666793823,233.25555419921875,22.744443893432617,0.463328093290329,0.10509927570819855,95.44444274902344,16.100000381469727
1,0.49971941113471985,153.89999389648438,0.06666667014360428,0.33285966515541077,255.92222595214844,0.07777778059244156,0.011111109517514706,7.168458978412673e-05,102.02222442626953,0.011111111380159855
0,0.5747900009155273,157.95050048828125,4.643564224243164,0.14785200357437134,183.33663940429688,72.66336822509766,0.9374593496322632,0.3012869656085968,25.386138916015625,68.0197982788086
1,0.5752159953117371,155.81187438964844,4.861386299133301,0.14144134521484375,180.98019409179688,75.0197982788086,0.9345633387565613,0.31053683161735535,25.168315887451172,70.15841674804688
2,0.5866100192070007,142.80198669433594,5.821782112121582,0.14000533521175385,167.00990295410156,88.99009704589844,0.9338902235031128,0.36770695447921753,24.20792007446289,83.16831970214844
3,0.5983816981315613,128.04949951171875,7.099009990692139,0.13904400169849396,150.98019409179688,105.0197982788086,0.9321785569190979,0.4331563711166382,22.930692672729492,97.92079162597656
4,0.6008345484733582,135.7227783203125,5.881187915802002,0.13830168545246124,159.8712921142578,96.12871551513672,0.9382747411727905,0.39908286929130554,24.148515701293945,90.24752807617188
5,0.6081594228744507,128.3663330078125,6.415841579437256,0.13656039535999298,151.98019409179688,104.0197982788086,0.9375670552253723,0.4314885139465332,23.613861083984375,97.60395812988281
