epoch,balanced_acc_m,fn_m,fp_m,loss,neg_pred_m,pos_pred_m,precision_m,recall_m,tn_m,tp_m,val_balanced_acc_m,val_fn_m,val_fp_m,val_loss,val_neg_pred_m,val_pos_pred_m,val_precision_m,val_recall_m,val_tn_m,val_tp_m
0,0.5959477424621582,143.96817016601562,4.24403190612793,0.10790794342756271,161.76657104492188,94.2334213256836,0.9562298655509949,0.38470903038978577,17.79840850830078,89.98938751220703,0.5488625764846802,92.83333587646484,30.46666717529297,0.8072824478149414,164.43333435058594,91.56666564941406,0.6668139100074768,0.396562397480011,71.5999984741211,61.099998474121094
1,0.6093518137931824,132.17506408691406,4.740053176879883,0.10471338778734207,149.47744750976562,106.52254486083984,0.9559983611106873,0.4348911643028259,17.302387237548828,101.7824935913086,0.5818577408790588,97.67778015136719,20.622222900390625,0.8375214338302612,179.12222290039062,76.87777709960938,0.7314599752426147,0.3655131757259369,81.44444274902344,56.25555419921875
0,0.5945600867271423,137.3686981201172,4.962864875793457,0.11209440231323242,154.45623779296875,101.54376983642578,0.9530341625213623,0.4129032790660858,17.087533950805664,96.58090209960938,0.5851982831954956,95.32221984863281,21.5,1.01687490940094,175.89999389648438,80.0999984741211,0.7315248847007751,0.38068196177482605,80.57777404785156,58.599998474121094
1,0.5938882231712341,147.51193237304688,4.0238728523254395,0.10950523614883423,165.53846740722656,90.46154022216797,0.9567515850067139,0.3695232570171356,18.026525497436523,86.43766784667969,0.584947407245636,97.30000305175781,20.255556106567383,0.9622830748558044,179.12222290039062,76.87777709960938,0.7371600866317749,0.367946594953537,81.82221984863281,56.622222900390625
2,0.5939804315567017,149.98143005371094,3.7851459980010986,0.10823193937540054,168.24668884277344,87.7533187866211,0.9577865600585938,0.35893723368644714,18.26525115966797,83.96817016601562,0.583254873752594,96.75555419921875,20.955554962158203,0.9317662715911865,177.87777709960938,78.12222290039062,0.7324608564376831,0.37141990661621094,81.12222290039062,57.16666793823242
