epoch,balanced_acc_m,fn_m,fp_m,loss,neg_pred_m,pos_pred_m,precision_m,recall_m,tn_m,tp_m,val_balanced_acc_m,val_fn_m,val_fp_m,val_loss,val_neg_pred_m,val_pos_pred_m,val_precision_m,val_recall_m,val_tn_m,val_tp_m
0,0.5909630656242371,149.5941619873047,3.9098143577575684,0.10862544924020767,167.74270629882812,88.25729370117188,0.9569635987281799,0.360349178314209,18.148540496826172,84.34748077392578,0.5821733474731445,101.15555572509766,18.233333587646484,0.826438307762146,185.0111083984375,70.9888916015625,0.7441460490226746,0.3427974581718445,83.85555267333984,52.75555419921875
1,0.6069185733795166,132.3076934814453,4.885941505432129,0.10519202798604965,149.4801025390625,106.5198974609375,0.9544646739959717,0.43431079387664795,17.172412872314453,101.63394927978516,0.5762981176376343,88.80000305175781,27.64444351196289,0.8693357706069946,163.24444580078125,92.75555419921875,0.7019844651222229,0.42285996675491333,74.44444274902344,65.11111450195312
2,0.6143161654472351,132.10079956054688,4.546419143676758,0.10348943620920181,149.61273193359375,106.38461303710938,0.9573154449462891,0.4351295828819275,17.51193618774414,101.83819580078125,0.5726487636566162,77.4888916015625,35.88888931274414,0.874739944934845,143.6888885498047,112.31111145019531,0.6804834008216858,0.4963405132293701,66.19999694824219,76.42222595214844
3,0.6209192872047424,126.83819580078125,4.705570220947266,0.10209652036428452,144.19097900390625,111.80902099609375,0.9579133987426758,0.45756232738494873,17.352785110473633,107.10344696044922,0.5938883423805237,88.65555572509766,24.08888816833496,0.8748301863670349,166.65554809570312,89.34444427490234,0.7304663062095642,0.42379438877105713,78.0,65.25555419921875
4,0.6286471486091614,124.58090209960938,4.567639350891113,0.10084701329469681,142.07162475585938,113.92838287353516,0.9597131013870239,0.46710488200187683,17.4907169342041,109.3607406616211,0.5770326256752014,100.31111145019531,19.85555648803711,0.8486396074295044,182.54444885253906,73.45555877685547,0.7294337153434753,0.34814074635505676,82.23332977294922,53.599998474121094
