epoch,balanced_acc_m,fn_m,fp_m,loss,neg_pred_m,pos_pred_m,tn_m,tp_m
0,0.4977036118507385,104.1717300415039,21.682958602905273,0.18890340626239777,124.1321029663086,131.86790466308594,19.960369110107422,110.18494415283203
1,0.5009338855743408,109.30118560791016,20.25759506225586,0.18880775570869446,130.68692016601562,125.31043243408203,21.385732650756836,105.05284118652344
2,0.5030316114425659,113.75825500488281,19.340818405151367,0.1887730360031128,136.06076049804688,119.93791198730469,22.302509307861328,100.59709167480469
3,0.5105153918266296,126.34346008300781,16.301189422607422,0.18873034417629242,151.68560791015625,104.31307983398438,25.342140197753906,88.01188659667969
4,0.5335772037506104,149.61691284179688,9.813738822937012,0.18809153139591217,181.44650268554688,74.55349731445312,31.82958984375,64.73976135253906
5,0.5622758865356445,145.82034301757812,8.12285327911377,0.1864957958459854,179.3408203125,76.6591796875,33.520477294921875,68.53633117675781
