epoch,balanced_acc_m,fn_m,fp_m,loss,neg_pred_m,pos_pred_m,precision_m,recall_m,tn_m,tp_m,val_balanced_acc_m,val_fn_m,val_fp_m,val_loss,val_neg_pred_m,val_pos_pred_m,val_precision_m,val_recall_m,val_tn_m,val_tp_m
0,0.4997102916240692,0.18309858441352844,116.33802795410156,0.6869115233421326,0.26760563254356384,255.73239135742188,0.5450693964958191,0.9986921548843384,0.0845070406794548,139.3943634033203,0.5,0.0,122.52702331542969,0.6922758221626282,0.0,256.0,0.5213788151741028,1.0,0.0,133.4729766845703
