epoch,balanced_acc_m,fn_m,fp_m,loss,neg_pred_m,pos_pred_m,precision_m,recall_m,tn_m,tp_m,val_balanced_acc_m,val_fn_m,val_fp_m,val_loss,val_neg_pred_m,val_pos_pred_m,val_precision_m,val_recall_m,val_tn_m,val_tp_m
0,0.514741837978363,17.77777862548828,10.833333015441895,0.09634795784950256,243.74073791503906,12.259259223937988,0.13016125559806824,0.07517897337675095,225.9629669189453,1.4259259700775146,0.5,0.0,193.1666717529297,0.6963417530059814,0.0,256.0,0.2454427033662796,1.0,0.0,62.83333206176758
1,0.5733245015144348,13.351851463317871,37.01852035522461,0.09561103582382202,213.12962341308594,42.87036895751953,0.13837476074695587,0.302754670381546,199.77777099609375,5.851851940155029,0.5,0.0,193.1666717529297,0.6965146064758301,0.0,256.0,0.2454427033662796,1.0,0.0,62.83333206176758
2,0.607039749622345,10.314814567565918,60.37036895751953,0.09442000836133957,186.74073791503906,69.25926208496094,0.13452684879302979,0.4687303304672241,176.42591857910156,8.88888931274414,0.5,62.83333206176758,0.0,0.6924282908439636,256.0,0.0,0.0,0.0,193.1666717529297,0.0
